{"accuracy": [0.6252934336662292, 0.8686251044273376, 0.9149868488311768, 0.9427270889282227, 0.9560424089431763, 0.965772807598114, 0.9711785912513733, 0.9765416979789734, 0.9800839424133301, 0.9824738502502441], "loss": [1.2680861949920654, 0.41429403424263, 0.26128238439559937, 0.17581689357757568, 0.13500650227069855, 0.10504495352506638, 0.08877775073051453, 0.07107429206371307, 0.06214281916618347, 0.054814379662275314], "val_accuracy": [0.8079899549484253, 0.8905076384544373, 0.9428636431694031, 0.9427498579025269, 0.9412702322006226, 0.9649442434310913, 0.9557819366455078, 0.9669929146766663, 0.9732528924942017, 0.9634076952934265], "val_loss": [0.5992444753646851, 0.32926657795906067, 0.17708857357501984, 0.17732961475849152, 0.18210777640342712, 0.11248472332954407, 0.1370614916086197, 0.11194339394569397, 0.09071697294712067, 0.1379309743642807]}